Name,Price,CustomerReviewText,Stock,Ratings
REDUX Analog Men's Watch (Brown Dial Colored Strap),₹249.00,"10,701 ratings",In stock,3.4 out of 5
Vills Laurrens Analogue Black Dial Day and Date Series Men's Watch (53),₹358.00,"9,510 ratings",In stock,3.5 out of 5
Redux Analog Blue-Grey Dial Men's Watch,₹249.00,"2,051 ratings",In stock,3.6 out of 5
Wenger Swiss Made SEAFORCE Chrono Chronograph Black Dial Men's Watch-01.0643.121,"₹21,263.00",,Only 3 left in stock,
"boAt Wave Lite Smartwatch with 1.69"" HD Display, Sleek Metal Body, HR & SpO2 Level Monitor, 140+ Watch Faces, Activity Tracker, Multiple Sports Modes, IP68 & 7 Days Battery Life(Active Black)","₹1,699.00","19,014 ratings",In stock,3.9 out of 5
FARP Digital Watch led Watch Mens Watch Womens Watch Boys Watch Girls Watch,"₹1,500.00",,Only 3 left in stock,
"Noise ColorFit Pulse Grand Smart Watch with 1.69"" HD Display, 60 Sports Modes, 150 Watch Faces, Spo2 Monitoring, Call Notification, Quick Replies to Text & Calls (Rose Pink)","₹1,799.00","25,906 ratings",,4 out of 5
"Noise ColorFit Ultra Smart Watch with 1.75"" HD Display, Aluminium Alloy Body, 60 Sports Modes, Spo2, Lightweight, Stock Market Info, Calls & SMS Reply (Gunmetal Grey)","₹1,999.00","38,041 ratings",In stock,4.1 out of 5
"Fire-Boltt India's No 1 Smartwatch Brand Ring Bluetooth Calling with SpO2 & 1.7” Metal Body with Blood Oxygen Monitoring, Continuous Heart Rate, Full Touch & Multiple Watch Faces","₹2,499.00","39,285 ratings",In stock,4.1 out of 5
Garmin Venu Square - Metallic Orchid Smartwatch,"₹16,990.00",148 ratings,Available to ship in 1-2 days.,4.5 out of 5
"Fire-Boltt Phoenix Smart Watch with Bluetooth Calling 1.3"",120+ Sports Modes, 240*240 PX High Res with SpO2, Heart Rate Monitoring & IP67 Rating","₹1,999.00","19,593 ratings",In stock.,4.3 out of 5
"boAt Xtend Smartwatch with Alexa Built-in, 1.69” HD Display, Multiple Watch Faces, Stress Monitor, Heart & SpO2 Monitoring, 14 Sports Modes, Sleep Monitor, 5 ATM & 7 Days Battery(Pitch Black)","₹2,659.00","113,404 ratings",In stock,4.2 out of 5
"Fire-Boltt India's No 1 Smartwatch Brand Talk 2 Bluetooth Calling Smartwatch with Dual Button, Hands On Voice Assistance, 60 Sports Modes, in Built Mic & Speaker with IP68 Rating","₹2,199.00","24,554 ratings",In stock,4.2 out of 5
"boAt Wave Call Smart Watch, Smart Talk with Advanced Dedicated Bluetooth Calling Chip, 1.69” HD Display with 550 NITS & 70% Color Gamut, 150+ Watch Faces, Multi-Sport Modes,HR,SpO2, IP68(Active Black)","₹1,999.00","11,875 ratings",In stock,3.8 out of 5
"Fire-Boltt India's No 1 Smartwatch Brand Ring Bluetooth Calling with SpO2 & 1.7” Metal Body with Blood Oxygen Monitoring, Continuous Heart Rate, Full Touch & Multiple Watch Faces","₹2,499.00","39,285 ratings",In stock,4.1 out of 5
Louis Devin Silicone Strap Analog Wrist Watch for Men (Black/Blue/Red) | LD-BK054,₹399.00,75 ratings,,4.2 out of 5
"Noise Agile 2 Buzz Bluetooth Calling Smart Watch with 1.28"" TFT Display,Dual Button,in-Built Mic & Speaker,AI Voice Assistant,Noise Health Suite,in-Built Games, 100 Watch Faces-(Jet Black)","₹2,499.00","1,226 ratings",,3.8 out of 5
Amazon Brand - Symbol Analog Men's Watch,₹573.00,101 ratings,In stock,4.1 out of 5
Amazon Brand - Symbol Spring-Summer'21 Analog White Dial Men's Watch-AZ-SYM-SS21A-16B,₹580.00,10 ratings,In stock,4.3 out of 5
Amazon Brand - Symbol Analog Women's Watch,₹529.00,64 ratings,In stock.,4.1 out of 5
Amazon Brand - Symbol Analog Women's Watch,₹624.00,64 ratings,In stock,4.2 out of 5
Amazon Brand - Symbol Analog Men's Watch,₹638.00,38 ratings,In stock,4 out of 5
Amazon Brand - Symbol Spring-Summer'21 Analog Pink Dial Women's Watch-AZ-SYW-SS21A-08C,₹558.00,1 rating,In stock,5 out of 5
Amazon Brand - Symbol Analog Men's Watch,₹703.00,25 ratings,In stock,4 out of 5
LIGE Mens Watches Casual Leather Analog Quartz Watch Men Black Fahison Dress Wristwatch Men's Waterproo Sport Clock Business Date Casual Watch Men,"₹6,527.00","1,839 ratings",Usually dispatched in 7 to 8 days,4.4 out of 5
Citizen Analog Blue Dial WomenMen Watch-BM7334-58L,"₹18,500.00",639 ratings,Usually dispatched in 2 to 3 days,4.6 out of 5
LIGE Men's Fashion Brown Leather Watches with Date Business Dress Luxury Brand Wrist Watch Gents Sport Waterproof Analog Quartz Wrist Watches,"₹8,124.00","3,763 ratings",Usually dispatched in 8 to 9 days,4.2 out of 5
"Bulova Men's Classic Stainless Steel Quartz Watch with Leather-Crocodile Strap, Brown, 20 (Model: 97C106)","₹30,211.00",173 ratings,Usually dispatched in 9 to 10 days,4.5 out of 5
EARNSHAW Longitude Analog Silver Dial Men's Watch-ES-8006-01,"₹15,475.00",68 ratings,Only 3 left in stock,4.3 out of 5
OLEVS Women's Watches for Ladies Female Wrist Watch Leather Band Waterproof Thin Minimalist Fashion Casual Simple Dress Quartz Analog Classic Gift with Date Calendar,"₹7,425.00","1,009 ratings",,4.5 out of 5
OLEVS Women Wrist Watches Ultra Thin 6.5mm Minimalist Dress Fashion Japanese Quartz Waterproof Date Day Leather Strap Slim Watches for Ladies,"₹6,821.00",925 ratings,Usually dispatched in 8 to 9 days,4.4 out of 5
EARNSHAW Longitude Analog Silver Dial Men's Watch-ES-8006-02,"₹13,927.00",53 ratings,,4.4 out of 5
"boAt Xtend Smartwatch with Alexa Built-in, 1.69” HD Display, Multiple Watch Faces, Stress Monitor, Heart & SpO2 Monitoring, 14 Sports Modes, Sleep Monitor, 5 ATM & 7 Days Battery(Charcoal Black)","₹2,799.00","113,404 ratings",,4.2 out of 5
"boAt Wave Call Smart Watch, Smart Talk with Advanced Dedicated Bluetooth Calling Chip, 1.69” HD Display with 550 NITS & 70% Color Gamut, 150+ Watch Faces, Multi-Sport Modes, HR, SpO2, IP68(Deep Blue)","₹1,999.00","11,875 ratings",In stock.,3.8 out of 5
"Fire-Boltt Ninja 3 Smartwatch Full Touch 1.69 & 60 Sports Modes with IP68, Sp02 Tracking, Over 100 Cloud based watch faces - Black","₹1,799.00","19,206 ratings",In stock.,4.2 out of 5
Fastrack Analog Black Dial Unisex-Adult Watch-38024PP25,₹850.00,"5,581 ratings",,4.2 out of 5
Matrix Day & Date Display Analog Wrist Watch for Men & Boys,₹299.00,"2,057 ratings",In stock,3.7 out of 5
"CYLECT Smart Watch Fitness Band Smart Watch- Y68 D20 Water Proof Smart Watches SpO2 Full Touch Smartwatch with Workout Modes, Heart Rate Tracking, Sports Smart Watch for All Boys & Girls & Women - Black",₹498.00,67 ratings,In stock,4 out of 5
Redux Analog Linear Designer Dial Men’s & Boy's Watch,₹287.00,"21,658 ratings",In stock,3.6 out of 5
REDUX Analogue Men's Watch (Black Dial Colored Strap),₹381.00,67 ratings,In stock,3.9 out of 5
Titan Analog Silver Dial Men's Watch-3255SL03,"₹1,795.00",,Only 3 left in stock,
Crestello G002 Metal Chain Analog Wrist Watch for Men,₹419.00,149 ratings,In stock,3.8 out of 5
Caviot Sports Multi-Functional Analogue-Digital Multicolour Dial Men's Watch,₹649.00,294 ratings,In stock,3.5 out of 5
"boAt Flash Edition Smart Watch with Activity Tracker, Multiple Sports Modes, 1.3"" Screen, 170+ Watch Faces, Sleep Monitor, Gesture, Camera & Music Control, IP68 & 7 Days Battery Life(Lightning Black)","₹2,299.00","25,995 ratings",In stock,4 out of 5
"Hammer Pulse Ace 1.69"" Bluetooth Calling Smart Watch with Call Function Dial Pad, Speaker, SpO2, HR, Sleep Monitor, Multiple Sports Mode (Black)","₹1,499.00",199 ratings,In stock,3.8 out of 5
"Noise ColorFit Pulse Grand Smart Watch with 1.69""(4.29cm) HD Display, 60 Sports Modes, 150 Watch Faces, Fast Charge, Spo2, Stress, Sleep, Heart Rate Monitoring & IP68 Waterproof (Jet Black)","₹1,799.00","25,907 ratings",In stock,4 out of 5
"MAGBOT T1 Smart Watch for Men & Women Latest Bluetooth 1.3"" LED with Daily Activity Tracker, Heart Rate Sensor, BP Monitor, Sports Gym Watch for All Boys & Girls - Black",₹499.00,91 ratings,In stock.,2.8 out of 5
"New Titan Talk Smart Watch|BT Calling|1.39""AMOLED Display|Immersive 454x454 Resolution|Music Storage|TWS Connect|AI Voice|Multisport Modes","₹9,995.00",44 ratings,In stock.,4.5 out of 5
"Fastrack Reflex 3.0 Unisex Activity Tracker - Full Touch, Color Display, Heart Rate Monitor, Dual- Tone Silicone Strap and up to 10 Days Battery Life","₹1,795.00","10,925 ratings",In stock,3.8 out of 5
Shocknshop Simple Sport Digital Men’s Military Watches Electronic LED Time Black Wristwatch,₹447.00,18 ratings,In stock,4.2 out of 5
Matrix Kids Edition Spiderman/Frozen/Ben 10 / Hello Kitty Digital Watch for Kids with Disco LED Lights (Boys & Girls),₹319.00,617 ratings,In stock,3.9 out of 5
"Noise ColorFit Pro 2 Full Touch Control Smart Watch with 35g Weight & Upgraded LCD Display,IP68 Waterproof,Heart Rate Monitor,Sleep & Step Tracker,Call & Message Alerts & Long Battery Life (Jet Black)","₹1,799.00","91,898 ratings",In stock,4 out of 5
Women's Watch Louis Devin (Stainless Steel Chain Watch ZL148),₹339.00,451 ratings,In stock,3.9 out of 5
SWISSTYLE Analog Black Dial Men's Watch-SS-GR06612-BLK-CH,₹369.00,"4,172 ratings",In stock,3.5 out of 5
SKMEI Men's Digital Sports Watch 50m Waterproof LED Military Multifunction Smart Watch Stopwatch Countdown Auto Date Alarm,₹799.00,"2,121 ratings",In stock,4.2 out of 5
The Shopoholic Analog 6 Different Color Flowered Dial Watch for Womens and Girls Single and Combo Watches for Women and Girl Pack of 2 and Pack of 3,₹349.00,55 ratings,In stock,4.1 out of 5
LOUIS DEVIN Analogue Women's Watch(Blue Dial Silver Colored Strap)-LD-L144-BLU-CH,₹299.00,"4,728 ratings",In stock,4 out of 5
Acnos Brand - A Digital Watch Shockproof Multi-Functional Automatic 5 Color Army Strap Waterproof Digital Sports Watch for Men's Kids Watch for Boys Watch for Men Pack of 1,₹284.00,544 ratings,,4 out of 5
LORENZ Analogue Men's Watch ( Black Dial & Strap ),₹179.00,"1,105 ratings",In stock,3.6 out of 5
"Linsden T55 Series 7 Smart Watch with Bluetooth Calling, Extra Straps, Heart Rate Monitor,Fitness Tracker, Multiple Faces 50+, Full Touch Display Men and Women",₹849.00,2 ratings,In stock,3 out of 5
Casio Enticer Analog Black Dial Men's Watch-MTP-VD01G-1BVUDF (A1367),"₹4,195.00",774 ratings,In stock,4.4 out of 5
"Noise Pulse 2 Max Advanced Bluetooth Calling Smart Watch with 1.85'' TFT and 550 Nits Brightness, Smart DND, 10 Days Battery, 100 Sports Mode, Productivity Suite & Noise Health Suite - (Jet Black)","₹2,499.00","4,606 ratings",In stock,4.1 out of 5
The Watch,"₹1,999.00",6 ratings,,4 out of 5
V2A Chronograph Analogue and Digital Sports Watch for Men,₹799.00,"1,363 ratings",In stock,3.8 out of 5
"Smart Watch for Men - Smart Watches for Men Women, Bluetooth Smartwatch Touch Screen Bluetooth Smart Watches for Android iOS Phones Wrist Phone Watch, Women - Royal Black ID116 Smart Watch - Black",₹549.00,39 ratings,In stock,3.9 out of 5
SELLORIA Digital Unisex-Child Watch (Black Dial) (Pack of 2),₹279.00,"3,390 ratings",In stock,3.3 out of 5
SF Sporty Analog Black Dial Men's Watch-NL7930PP01/NP7930PP01,₹625.00,"9,465 ratings",,3.9 out of 5
"DARKFIT Smart Watch Id-116 Bluetooth Smartwatch Wireless Fitness Band for Boys, Girls, Men, Women & Kids | Sports Gym Watch for All Smart Phones I Heart Rate and spo2 Monitor",₹499.00,,In stock,
Titan Raga Analog White Dial Women's Watch-NL2370YM01/NP2370YM01,"₹2,789.00",480 ratings,In stock,4.4 out of 5
"Fire-Boltt Ring 3 Smart Watch 1.8 Biggest Display with Advanced Bluetooth Calling Chip, Voice Assistance,118 Sports Modes, in Built Calculator & Games, SpO2, Heart Rate Monitoring","₹2,999.00","17,382 ratings",In stock,4.3 out of 5
TIMEWEAR Analog Silicone Strap New Track Dial Watch for Men,₹399.00,,In stock.,
"Apple Watch SE (GPS + Cellular, 44mm) - Space Grey Aluminium Case with Midnight Sport Band - Regular","₹31,900.00",549 ratings,In stock,4.5 out of 5
Daniel Klein Analog Pink Dial Women's Watch-DK12085-3,"₹1,999.00",351 ratings,In stock,4.2 out of 5
"MARVIK Smart Watch D116 for Xiaomi Mi Note 9 Smart Watch Bluetooth SmartWatch with Activity Tracker, Heart Rate Sensor, Sleep Monitor and Basic Functionality for All Boys & Girls",₹499.00,242 ratings,In stock.,3 out of 5
Men's Watch (Silver Colored Strap),₹359.00,725 ratings,,3.8 out of 5
HMT Janata para Shock 17 Jewels White Dial Radium Hands Mechanical Hand-Winding Antique Wrist Watch,"₹2,899.00",2 ratings,Only 1 left in stock.,4 out of 5
Rambot Bluetooth -Touch Screen Smart Wrist Watch with Camera & Multiple Impresive Features for All Smartphones,"₹1,559.00",,In stock.,
Fastrack Casual Analog Blue Dial Men's Watch-3255SM01,"₹1,389.00",34 ratings,In stock,3.8 out of 5
"Noise Pulse Go Buzz Smart Watch with Smart Call & Advanced Bluetooth Tech, 1.69"" Display, Noise Health Suite, 150+ Cloud Watch Face, 100 Sports Mode with Auto Detection, Longer Battery-(Rose Pink)","₹1,999.00","6,782 ratings",In stock.,4.1 out of 5
